Unit_ID,Cell_Key,Mean_R1,Dispersion_R1,Mean_R2,Dispersion_R2,Mean,Dispersion_Value,Errorbar_Lower,Errorbar_Upper,Events_R1,Events_R2,Events,N_at_Risk_R1,N_at_Risk_R2,N_at_Risk,Events_Comparator_R1,Events_Comparator_R2,Events_Comparator,N_at_Risk_Comparator_R1,N_at_Risk_Comparator_R2,N_at_Risk_Comparator,Effect_Measure,Association_Type,Association_Value_R1,Association_Value_R2,Association_Value,CI_Lower,CI_Upper,P_Value,N_Pairs,P_Value_Method,P_Value_Extraction_Method,Ties_Present,Point_Data_Reference,Median_R1,Median_R2,Median,Q1_R1,Q1_R2,Q1,Q3_R1,Q3_R2,Q3,Whisker_Lower_R1,Whisker_Lower_R2,Whisker_Lower,Whisker_Upper_R1,Whisker_Upper_R2,Whisker_Upper,Errorbar_Stem_Confirmed,Bar_Top_Definition,Bar_Direction,Position_Assignment,Calibration_Max_Residual,Slot_Assignment_Residual_Px,WPD_Project_File,Verification_Status,Reconciliation_Note,Note
323|FIG1|SAP,POSTURE=ORTHOSTASIS;TIMEPOINT=B-1,117.337,4.402,117.557,4.182,117.447,4.292,,,,,,,,,,,,,,,,,,,,,,,,,,,,,,,,,,,,,,,,,,,,,,,,,,RECONCILED,Two raster readers reconciled to their midpoint,
323|FIG1|SAP,POSTURE=ORTHOSTASIS;TIMEPOINT=DI7,112.274,4.402,112.495,4.182,112.385,4.292,,,,,,,,,,,,,,,,,,,,,,,,,,,,,,,,,,,,,,,,,,,,,,,,,,RECONCILED,Two raster readers reconciled to their midpoint,
323|FIG1|SAP,POSTURE=ORTHOSTASIS;TIMEPOINT=DI14,97.306,4.843,97.306,4.843,97.306,4.843,,,,,,,,,,,,,,,,,,,,,,,,,,,,,,,,,,,,,,,,,,,,,,,,,,RECONCILED,Two raster readers reconciled to their midpoint,
323|FIG1|SAP,POSTURE=ORTHOSTASIS;TIMEPOINT=DI19,107.212,4.182,107.432,3.962,107.322,4.072,,,,,,,,,,,,,,,,,,,,,,,,,,,,,,,,,,,,,,,,,,,,,,,,,,RECONCILED,Two raster readers reconciled to their midpoint,
323|FIG1|SAP,POSTURE=ORTHOSTASIS;TIMEPOINT=R1,105.23,3.742,105.451,3.522,105.34,3.632,,,,,,,,,,,,,,,,,,,,,,,,,,,,,,,,,,,,,,,,,,,,,,,,,,RECONCILED,Two raster readers reconciled to their midpoint,
323|FIG1|SAP,POSTURE=ORTHOSTASIS;TIMEPOINT=R5,117.557,2.641,117.778,2.421,117.668,2.531,,,,,,,,,,,,,,,,,,,,,,,,,,,,,,,,,,,,,,,,,,,,,,,,,,RECONCILED,Two raster readers reconciled to their midpoint,
323|FIG1|SAP,POSTURE=SUPINE;TIMEPOINT=B-1,125.042,2.641,125.042,2.641,125.042,2.641,,,,,,,,,,,,,,,,,,,,,,,,,,,,,,,,,,,,,,,,,,,,,,,,,,RECONCILED,Two raster readers reconciled to their midpoint,
323|FIG1|SAP,POSTURE=SUPINE;TIMEPOINT=DI7,127.683,2.862,127.683,2.862,127.683,2.862,,,,,,,,,,,,,,,,,,,,,,,,,,,,,,,,,,,,,,,,,,,,,,,,,,RECONCILED,Two raster readers reconciled to their midpoint,
323|FIG1|SAP,POSTURE=SUPINE;TIMEPOINT=DI14,117.998,2.641,118.218,2.421,118.108,2.531,,,,,,,,,,,,,,,,,,,,,,,,,,,,,,,,,,,,,,,,,,,,,,,,,,RECONCILED,Two raster readers reconciled to their midpoint,
323|FIG1|SAP,POSTURE=SUPINE;TIMEPOINT=DI19,121.52,2.201,121.52,1.761,121.52,1.981,,,,,,,,,,,,,,,,,,,,,,,,,,,,,,,,,,,,,,,,,,,,,,,,,,RECONCILED,Two raster readers reconciled to their midpoint,
323|FIG1|SAP,POSTURE=SUPINE;TIMEPOINT=R1,114.916,2.421,115.136,2.201,115.026,2.311,,,,,,,,,,,,,,,,,,,,,,,,,,,,,,,,,,,,,,,,,,,,,,,,,,RECONCILED,Two raster readers reconciled to their midpoint,
323|FIG1|SAP,POSTURE=SUPINE;TIMEPOINT=R5,121.52,2.421,121.74,2.201,121.63,2.311,,,,,,,,,,,,,,,,,,,,,,,,,,,,,,,,,,,,,,,,,,,,,,,,,,RECONCILED,Two raster readers reconciled to their midpoint,
323|FIG1|DAP,POSTURE=ORTHOSTASIS;TIMEPOINT=B-1,76.123,2.247,76.256,2.115,76.19,2.181,,,,,,,,,,,,,,,,,,,,,,,,,,,,,,,,,,,,,,,,,,,,,,,,,,RECONCILED,Two raster readers reconciled to their midpoint,
323|FIG1|DAP,POSTURE=ORTHOSTASIS;TIMEPOINT=DI7,81.542,2.643,81.542,2.643,81.542,2.643,,,,,,,,,,,,,,,,,,,,,,,,,,,,,,,,,,,,,,,,,,,,,,,,,,RECONCILED,Two raster readers reconciled to their midpoint,
323|FIG1|DAP,POSTURE=ORTHOSTASIS;TIMEPOINT=DI14,73.612,2.379,73.744,2.247,73.678,2.313,,,,,,,,,,,,,,,,,,,,,,,,,,,,,,,,,,,,,,,,,,,,,,,,,,RECONCILED,Two raster readers reconciled to their midpoint,
323|FIG1|DAP,POSTURE=ORTHOSTASIS;TIMEPOINT=DI19,80.088,2.775,80.088,2.775,80.088,2.775,,,,,,,,,,,,,,,,,,,,,,,,,,,,,,,,,,,,,,,,,,,,,,,,,,RECONCILED,Two raster readers reconciled to their midpoint,
323|FIG1|DAP,POSTURE=ORTHOSTASIS;TIMEPOINT=R1,78.634,2.643,78.767,2.511,78.701,2.577,,,,,,,,,,,,,,,,,,,,,,,,,,,,,,,,,,,,,,,,,,,,,,,,,,RECONCILED,Two raster readers reconciled to their midpoint,
323|FIG1|DAP,POSTURE=ORTHOSTASIS;TIMEPOINT=R5,78.106,2.379,78.106,2.379,78.106,2.379,,,,,,,,,,,,,,,,,,,,,,,,,,,,,,,,,,,,,,,,,,,,,,,,,,RECONCILED,Two raster readers reconciled to their midpoint,
323|FIG1|DAP,POSTURE=SUPINE;TIMEPOINT=B-1,75.859,1.718,75.859,1.718,75.859,1.718,,,,,,,,,,,,,,,,,,,,,,,,,,,,,,,,,,,,,,,,,,,,,,,,,,RECONCILED,Two raster readers reconciled to their midpoint,
323|FIG1|DAP,POSTURE=SUPINE;TIMEPOINT=DI7,82.203,2.247,82.203,2.247,82.203,2.247,,,,,,,,,,,,,,,,,,,,,,,,,,,,,,,,,,,,,,,,,,,,,,,,,,RECONCILED,Two raster readers reconciled to their midpoint,
323|FIG1|DAP,POSTURE=SUPINE;TIMEPOINT=DI14,79.163,1.718,79.163,1.718,79.163,1.718,,,,,,,,,,,,,,,,,,,,,,,,,,,,,,,,,,,,,,,,,,,,,,,,,,RECONCILED,Two raster readers reconciled to their midpoint,
323|FIG1|DAP,POSTURE=SUPINE;TIMEPOINT=DI19,80.088,2.643,80.088,2.643,80.088,2.643,,,,,,,,,,,,,,,,,,,,,,,,,,,,,,,,,,,,,,,,,,,,,,,,,,RECONCILED,Two raster readers reconciled to their midpoint,
323|FIG1|DAP,POSTURE=SUPINE;TIMEPOINT=R1,77.974,1.586,77.974,1.586,77.974,1.586,,,,,,,,,,,,,,,,,,,,,,,,,,,,,,,,,,,,,,,,,,,,,,,,,,RECONCILED,Two raster readers reconciled to their midpoint,
323|FIG1|DAP,POSTURE=SUPINE;TIMEPOINT=R5,75.859,2.247,75.859,2.247,75.859,2.247,,,,,,,,,,,,,,,,,,,,,,,,,,,,,,,,,,,,,,,,,,,,,,,,,,RECONCILED,Two raster readers reconciled to their midpoint,
323|FIG1|MAP,POSTURE=ORTHOSTASIS;TIMEPOINT=B-1,91.356,3.347,91.532,3.171,91.444,3.259,,,,,,,,,,,,,,,,,,,,,,,,,,,,,,,,,,,,,,,,,,,,,,,,,,RECONCILED,Two raster readers reconciled to their midpoint,
323|FIG1|MAP,POSTURE=ORTHOSTASIS;TIMEPOINT=DI7,92.589,3.523,92.589,3.523,92.589,3.523,,,,,,,,,,,,,,,,,,,,,,,,,,,,,,,,,,,,,,,,,,,,,,,,,,RECONCILED,Two raster readers reconciled to their midpoint,
323|FIG1|MAP,POSTURE=ORTHOSTASIS;TIMEPOINT=DI14,82.548,3.347,82.548,3.347,82.548,3.347,,,,,,,,,,,,,,,,,,,,,,,,,,,,,,,,,,,,,,,,,,,,,,,,,,RECONCILED,Two raster readers reconciled to their midpoint,
323|FIG1|MAP,POSTURE=ORTHOSTASIS;TIMEPOINT=DI19,89.771,2.466,89.947,2.29,89.859,2.378,,,,,,,,,,,,,,,,,,,,,,,,,,,,,,,,,,,,,,,,,,,,,,,,,,RECONCILED,Two raster readers reconciled to their midpoint,
323|FIG1|MAP,POSTURE=ORTHOSTASIS;TIMEPOINT=R1,88.362,3.171,88.538,2.995,88.45,3.083,,,,,,,,,,,,,,,,,,,,,,,,,,,,,,,,,,,,,,,,,,,,,,,,,,RECONCILED,Two raster readers reconciled to their midpoint,
323|FIG1|MAP,POSTURE=ORTHOSTASIS;TIMEPOINT=R5,92.589,2.819,92.766,2.642,92.678,2.731,,,,,,,,,,,,,,,,,,,,,,,,,,,,,,,,,,,,,,,,,,,,,,,,,,RECONCILED,Two raster readers reconciled to their midpoint,
323|FIG1|MAP,POSTURE=SUPINE;TIMEPOINT=B-1,95.232,1.938,95.232,1.938,95.232,1.938,,,,,,,,,,,,,,,,,,,,,,,,,,,,,,,,,,,,,,,,,,,,,,,,,,RECONCILED,Two raster readers reconciled to their midpoint,
323|FIG1|MAP,POSTURE=SUPINE;TIMEPOINT=DI7,99.46,2.29,99.46,2.29,99.46,2.29,,,,,,,,,,,,,,,,,,,,,,,,,,,,,,,,,,,,,,,,,,,,,,,,,,RECONCILED,Two raster readers reconciled to their midpoint,
323|FIG1|MAP,POSTURE=SUPINE;TIMEPOINT=DI14,94.527,2.29,94.527,2.29,94.527,2.29,,,,,,,,,,,,,,,,,,,,,,,,,,,,,,,,,,,,,,,,,,,,,,,,,,RECONCILED,Two raster readers reconciled to their midpoint,
323|FIG1|MAP,POSTURE=SUPINE;TIMEPOINT=DI19,96.465,2.642,96.465,2.642,96.465,2.642,,,,,,,,,,,,,,,,,,,,,,,,,,,,,,,,,,,,,,,,,,,,,,,,,,RECONCILED,Two raster readers reconciled to their midpoint,
323|FIG1|MAP,POSTURE=SUPINE;TIMEPOINT=R1,92.237,1.938,92.237,1.938,92.237,1.938,,,,,,,,,,,,,,,,,,,,,,,,,,,,,,,,,,,,,,,,,,,,,,,,,,RECONCILED,Two raster readers reconciled to their midpoint,
323|FIG1|MAP,POSTURE=SUPINE;TIMEPOINT=R5,93.118,2.29,93.118,2.29,93.118,2.29,,,,,,,,,,,,,,,,,,,,,,,,,,,,,,,,,,,,,,,,,,,,,,,,,,RECONCILED,Two raster readers reconciled to their midpoint,
323|FIG1|PAP,POSTURE=ORTHOSTASIS;TIMEPOINT=B-1,41.199,1.764,41.287,1.675,41.243,1.72,,,,,,,,,,,,,,,,,,,,,,,,,,,,,,,,,,,,,,,,,,,,,,,,,,RECONCILED,Two raster readers reconciled to their midpoint,
323|FIG1|PAP,POSTURE=ORTHOSTASIS;TIMEPOINT=DI7,30.705,2.028,30.794,1.94,30.749,1.984,,,,,,,,,,,,,,,,,,,,,,,,,,,,,,,,,,,,,,,,,,,,,,,,,,RECONCILED,Two raster readers reconciled to their midpoint,
323|FIG1|PAP,POSTURE=ORTHOSTASIS;TIMEPOINT=DI14,24.004,1.675,24.004,1.675,24.004,1.675,,,,,,,,,,,,,,,,,,,,,,,,,,,,,,,,,,,,,,,,,,,,,,,,,,RECONCILED,Two raster readers reconciled to their midpoint,
323|FIG1|PAP,POSTURE=ORTHOSTASIS;TIMEPOINT=DI19,27.266,1.764,27.355,1.675,27.31,1.72,,,,,,,,,,,,,,,,,,,,,,,,,,,,,,,,,,,,,,,,,,,,,,,,,,RECONCILED,Two raster readers reconciled to their midpoint,
323|FIG1|PAP,POSTURE=ORTHOSTASIS;TIMEPOINT=R1,26.737,2.645,26.825,2.557,26.781,2.601,,,,,,,,,,,,,,,,,,,,,,,,,,,,,,,,,,,,,,,,,,,,,,,,,,RECONCILED,Two raster readers reconciled to their midpoint,
323|FIG1|PAP,POSTURE=ORTHOSTASIS;TIMEPOINT=R5,39.7,1.675,39.788,1.587,39.744,1.631,,,,,,,,,,,,,,,,,,,,,,,,,,,,,,,,,,,,,,,,,,,,,,,,,,RECONCILED,Two raster readers reconciled to their midpoint,
323|FIG1|PAP,POSTURE=SUPINE;TIMEPOINT=B-1,50.723,2.116,50.723,2.116,50.723,2.116,,,,,,,,,,,,,,,,,,,,,,,,,,,,,,,,,,,,,,,,,,,,,,,,,,RECONCILED,Two raster readers reconciled to their midpoint,
323|FIG1|PAP,POSTURE=SUPINE;TIMEPOINT=DI7,45.52,2.116,45.52,2.116,45.52,2.116,,,,,,,,,,,,,,,,,,,,,,,,,,,,,,,,,,,,,,,,,,,,,,,,,,RECONCILED,Two raster readers reconciled to their midpoint,
323|FIG1|PAP,POSTURE=SUPINE;TIMEPOINT=DI14,39.083,2.116,39.171,2.028,39.127,2.072,,,,,,,,,,,,,,,,,,,,,,,,,,,,,,,,,,,,,,,,,,,,,,,,,,RECONCILED,Two raster readers reconciled to their midpoint,
323|FIG1|PAP,POSTURE=SUPINE;TIMEPOINT=DI19,41.376,2.293,41.376,2.293,41.376,2.293,,,,,,,,,,,,,,,,,,,,,,,,,,,,,,,,,,,,,,,,,,,,,,,,,,RECONCILED,Two raster readers reconciled to their midpoint,
323|FIG1|PAP,POSTURE=SUPINE;TIMEPOINT=R1,36.878,2.205,36.966,2.116,36.922,2.16,,,,,,,,,,,,,,,,,,,,,,,,,,,,,,,,,,,,,,,,,,,,,,,,,,RECONCILED,Two raster readers reconciled to their midpoint,
323|FIG1|PAP,POSTURE=SUPINE;TIMEPOINT=R5,45.697,2.205,45.697,2.205,45.697,2.205,,,,,,,,,,,,,,,,,,,,,,,,,,,,,,,,,,,,,,,,,,,,,,,,,,RECONCILED,Two raster readers reconciled to their midpoint,
323|FIG1|HR,POSTURE=ORTHOSTASIS;TIMEPOINT=B-1,82.418,2.857,82.637,2.637,82.528,2.747,,,,,,,,,,,,,,,,,,,,,,,,,,,,,,,,,,,,,,,,,,,,,,,,,,RECONCILED,Two raster readers reconciled to their midpoint,
323|FIG1|HR,POSTURE=ORTHOSTASIS;TIMEPOINT=DI7,115.384,3.956,115.604,3.736,115.494,3.846,,,,,,,,,,,,,,,,,,,,,,,,,,,,,,,,,,,,,,,,,,,,,,,,,,RECONCILED,Two raster readers reconciled to their midpoint,
323|FIG1|HR,POSTURE=ORTHOSTASIS;TIMEPOINT=DI14,133.846,5.494,134.066,5.275,133.956,5.385,,,,,,,,,,,,,,,,,,,,,,,,,,,,,,,,,,,,,,,,,,,,,,,,,,RECONCILED,Two raster readers reconciled to their midpoint,
323|FIG1|HR,POSTURE=ORTHOSTASIS;TIMEPOINT=DI19,132.967,5.714,133.186,5.494,133.077,5.604,,,,,,,,,,,,,,,,,,,,,,,,,,,,,,,,,,,,,,,,,,,,,,,,,,RECONCILED,Two raster readers reconciled to their midpoint,
323|FIG1|HR,POSTURE=ORTHOSTASIS;TIMEPOINT=R1,125.934,3.956,126.154,3.736,126.044,3.846,,,,,,,,,,,,,,,,,,,,,,,,,,,,,,,,,,,,,,,,,,,,,,,,,,RECONCILED,Two raster readers reconciled to their midpoint,
323|FIG1|HR,POSTURE=ORTHOSTASIS;TIMEPOINT=R5,90.33,2.637,90.549,2.418,90.44,2.527,,,,,,,,,,,,,,,,,,,,,,,,,,,,,,,,,,,,,,,,,,,,,,,,,,RECONCILED,Two raster readers reconciled to their midpoint,
323|FIG1|HR,POSTURE=SUPINE;TIMEPOINT=B-1,65.275,2.637,65.495,2.418,65.385,2.527,,,,,,,,,,,,,,,,,,,,,,,,,,,,,,,,,,,,,,,,,,,,,,,,,,RECONCILED,Two raster readers reconciled to their midpoint,
323|FIG1|HR,POSTURE=SUPINE;TIMEPOINT=DI7,72.308,1.758,72.527,0.659,72.418,1.208,,,,,,,,,,,,,,,,,,,,,,,,,,,,,,,,,,,,,,,,,,,,,,,,,,RECONCILED,Two raster readers reconciled to their midpoint,
323|FIG1|HR,POSTURE=SUPINE;TIMEPOINT=DI14,81.319,2.857,81.319,2.857,81.319,2.857,,,,,,,,,,,,,,,,,,,,,,,,,,,,,,,,,,,,,,,,,,,,,,,,,,RECONCILED,Two raster readers reconciled to their midpoint,
323|FIG1|HR,POSTURE=SUPINE;TIMEPOINT=DI19,80.22,3.516,80.22,3.516,80.22,3.516,,,,,,,,,,,,,,,,,,,,,,,,,,,,,,,,,,,,,,,,,,,,,,,,,,RECONCILED,Two raster readers reconciled to their midpoint,
323|FIG1|HR,POSTURE=SUPINE;TIMEPOINT=R1,90.11,2.418,90.11,2.418,90.11,2.418,,,,,,,,,,,,,,,,,,,,,,,,,,,,,,,,,,,,,,,,,,,,,,,,,,RECONCILED,Two raster readers reconciled to their midpoint,
323|FIG1|HR,POSTURE=SUPINE;TIMEPOINT=R5,75.165,1.978,75.165,1.538,75.165,1.758,,,,,,,,,,,,,,,,,,,,,,,,,,,,,,,,,,,,,,,,,,,,,,,,,,RECONCILED,Two raster readers reconciled to their midpoint,
323|FIG1|SV,POSTURE=ORTHOSTASIS;TIMEPOINT=B-1,69.114,4.399,69.29,4.223,69.202,4.311,,,,,,,,,,,,,,,,,,,,,,,,,,,,,,,,,,,,,,,,,,,,,,,,,,RECONCILED,Two raster readers reconciled to their midpoint,
323|FIG1|SV,POSTURE=ORTHOSTASIS;TIMEPOINT=DI7,43.601,3.519,43.777,3.343,43.689,3.431,,,,,,,,,,,,,,,,,,,,,,,,,,,,,,,,,,,,,,,,,,,,,,,,,,RECONCILED,Two raster readers reconciled to their midpoint,
323|FIG1|SV,POSTURE=ORTHOSTASIS;TIMEPOINT=DI14,44.481,3.695,44.569,3.607,44.525,3.651,,,,,,,,,,,,,,,,,,,,,,,,,,,,,,,,,,,,,,,,,,,,,,,,,,RECONCILED,Two raster readers reconciled to their midpoint,
323|FIG1|SV,POSTURE=ORTHOSTASIS;TIMEPOINT=DI19,43.601,2.111,43.777,1.935,43.689,2.023,,,,,,,,,,,,,,,,,,,,,,,,,,,,,,,,,,,,,,,,,,,,,,,,,,RECONCILED,Two raster readers reconciled to their midpoint,
323|FIG1|SV,POSTURE=ORTHOSTASIS;TIMEPOINT=R1,50.463,3.695,50.639,3.519,50.551,3.607,,,,,,,,,,,,,,,,,,,,,,,,,,,,,,,,,,,,,,,,,,,,,,,,,,RECONCILED,Two raster readers reconciled to their midpoint,
323|FIG1|SV,POSTURE=ORTHOSTASIS;TIMEPOINT=R5,71.754,4.047,71.93,3.871,71.842,3.959,,,,,,,,,,,,,,,,,,,,,,,,,,,,,,,,,,,,,,,,,,,,,,,,,,RECONCILED,Two raster readers reconciled to their midpoint,
323|FIG1|SV,POSTURE=SUPINE;TIMEPOINT=B-1,87.238,4.399,87.413,4.223,87.326,4.311,,,,,,,,,,,,,,,,,,,,,,,,,,,,,,,,,,,,,,,,,,,,,,,,,,RECONCILED,Two raster readers reconciled to their midpoint,
323|FIG1|SV,POSTURE=SUPINE;TIMEPOINT=DI7,63.484,4.575,63.484,4.575,63.484,4.575,,,,,,,,,,,,,,,,,,,,,,,,,,,,,,,,,,,,,,,,,,,,,,,,,,RECONCILED,Two raster readers reconciled to their midpoint,
323|FIG1|SV,POSTURE=SUPINE;TIMEPOINT=DI14,64.364,4.751,64.364,4.751,64.364,4.751,,,,,,,,,,,,,,,,,,,,,,,,,,,,,,,,,,,,,,,,,,,,,,,,,,RECONCILED,Two raster readers reconciled to their midpoint,
323|FIG1|SV,POSTURE=SUPINE;TIMEPOINT=DI19,67.355,4.575,67.355,4.575,67.355,4.575,,,,,,,,,,,,,,,,,,,,,,,,,,,,,,,,,,,,,,,,,,,,,,,,,,RECONCILED,Two raster readers reconciled to their midpoint,
323|FIG1|SV,POSTURE=SUPINE;TIMEPOINT=R1,67.003,5.455,67.003,5.455,67.003,5.455,,,,,,,,,,,,,,,,,,,,,,,,,,,,,,,,,,,,,,,,,,,,,,,,,,RECONCILED,Two raster readers reconciled to their midpoint,
323|FIG1|SV,POSTURE=SUPINE;TIMEPOINT=R5,89.349,6.334,89.525,6.158,89.437,6.246,,,,,,,,,,,,,,,,,,,,,,,,,,,,,,,,,,,,,,,,,,,,,,,,,,RECONCILED,Two raster readers reconciled to their midpoint,
323|FIG2|SAP,TIMEPOINT=B-1,-7.537,2.096,-7.537,2.096,-7.537,2.096,,,,,,,,,,,,,,,,,,,,,,,,,,,,,,,,,,,,,,,,,,,,,,,,,,RECONCILED,Two raster readers reconciled to their midpoint,
323|FIG2|SAP,TIMEPOINT=DI7,-12.169,2.39,-12.206,2.353,-12.188,2.372,,,,,,,,,,,,,,,,,,,,,,,,,,,,,,,,,,,,,,,,,,,,,,,,,,RECONCILED,Two raster readers reconciled to their midpoint,
323|FIG2|SAP,TIMEPOINT=DI14,-17.684,2.61,-17.721,2.574,-17.703,2.592,,,,,,,,,,,,,,,,,,,,,,,,,,,,,,,,,,,,,,,,,,,,,,,,,,RECONCILED,Two raster readers reconciled to their midpoint,
323|FIG2|SAP,TIMEPOINT=DI19,-11.618,2.463,-11.654,2.426,-11.636,2.445,,,,,,,,,,,,,,,,,,,,,,,,,,,,,,,,,,,,,,,,,,,,,,,,,,RECONCILED,Two raster readers reconciled to their midpoint,
323|FIG2|SAP,TIMEPOINT=R1,-8.235,2.316,-8.235,2.316,-8.235,2.316,,,,,,,,,,,,,,,,,,,,,,,,,,,,,,,,,,,,,,,,,,,,,,,,,,RECONCILED,Two raster readers reconciled to their midpoint,
323|FIG2|SAP,TIMEPOINT=R5,-3.125,1.765,-3.162,1.728,-3.143,1.746,,,,,,,,,,,,,,,,,,,,,,,,,,,,,,,,,,,,,,,,,,,,,,,,,,RECONCILED,Two raster readers reconciled to their midpoint,
323|FIG2|DAP,TIMEPOINT=B-1,0.421,3.233,,,0.421,3.233,,,,,,,,,,,,,,,,,,,,,,,,,,,,,,,,,,,,,,,,,,,,,,,,,,,,
323|FIG2|DAP,TIMEPOINT=DI7,-0.828,2.866,,,-0.828,2.866,,,,,,,,,,,,,,,,,,,,,,,,,,,,,,,,,,,,,,,,,,,,,,,,,,,,
323|FIG2|DAP,TIMEPOINT=DI14,-7.074,3.16,-7.111,3.123,-7.092,3.142,,,,,,,,,,,,,,,,,,,,,,,,,,,,,,,,,,,,,,,,,,,,,,,,,,RECONCILED,Two raster readers reconciled to their midpoint,
323|FIG2|DAP,TIMEPOINT=DI19,0.788,2.719,,,0.788,2.719,,,,,,,,,,,,,,,,,,,,,,,,,,,,,,,,,,,,,,,,,,,,,,,,,,,,
323|FIG2|DAP,TIMEPOINT=R1,2.956,2.131,2.993,2.094,2.974,2.112,,,,,,,,,,,,,,,,,,,,,,,,,,,,,,,,,,,,,,,,,,,,,,,,,,RECONCILED,Two raster readers reconciled to their midpoint,
323|FIG2|MAP,TIMEPOINT=B-1,-4.136,2.349,-4.172,2.312,-4.154,2.33,,,,,,,,,,,,,,,,,,,,,,,,,,,,,,,,,,,,,,,,,,,,,,,,,,RECONCILED,Two raster readers reconciled to their midpoint,
323|FIG2|MAP,TIMEPOINT=DI7,-7.072,2.422,-7.109,2.386,-7.091,2.404,,,,,,,,,,,,,,,,,,,,,,,,,,,,,,,,,,,,,,,,,,,,,,,,,,RECONCILED,Two raster readers reconciled to their midpoint,
323|FIG2|MAP,TIMEPOINT=DI14,-12.871,2.789,-12.908,2.753,-12.889,2.771,,,,,,,,,,,,,,,,,,,,,,,,,,,,,,,,,,,,,,,,,,,,,,,,,,RECONCILED,Two raster readers reconciled to their midpoint,
323|FIG2|MAP,TIMEPOINT=DI19,-6.705,2.239,-6.741,2.202,-6.723,2.22,,,,,,,,,,,,,,,,,,,,,,,,,,,,,,,,,,,,,,,,,,,,,,,,,,RECONCILED,Two raster readers reconciled to their midpoint,
323|FIG2|MAP,TIMEPOINT=R1,-4.099,2.459,-4.099,2.459,-4.099,2.459,,,,,,,,,,,,,,,,,,,,,,,,,,,,,,,,,,,,,,,,,,,,,,,,,,RECONCILED,Two raster readers reconciled to their midpoint,
323|FIG2|MAP,TIMEPOINT=R5,-0.318,1.688,,,-0.318,1.688,,,,,,,,,,,,,,,,,,,,,,,,,,,,,,,,,,,,,,,,,,,,,,,,,,,,
323|FIG2|PAP,TIMEPOINT=B-1,-18.809,3.083,-18.883,3.01,-18.846,3.046,,,,,,,,,,,,,,,,,,,,,,,,,,,,,,,,,,,,,,,,,,,,,,,,,,RECONCILED,Two raster readers reconciled to their midpoint,
323|FIG2|PAP,TIMEPOINT=DI7,-32.61,2.496,-32.61,2.496,-32.61,2.496,,,,,,,,,,,,,,,,,,,,,,,,,,,,,,,,,,,,,,,,,,,,,,,,,,RECONCILED,Two raster readers reconciled to their midpoint,
323|FIG2|PAP,TIMEPOINT=DI14,-38.996,2.569,-39.069,2.496,-39.032,2.532,,,,,,,,,,,,,,,,,,,,,,,,,,,,,,,,,,,,,,,,,,,,,,,,,,RECONCILED,Two raster readers reconciled to their midpoint,
323|FIG2|PAP,TIMEPOINT=DI19,-33.491,3.597,-33.564,3.523,-33.528,3.56,,,,,,,,,,,,,,,,,,,,,,,,,,,,,,,,,,,,,,,,,,,,,,,,,,RECONCILED,Two raster readers reconciled to their midpoint,
323|FIG2|PAP,TIMEPOINT=R1,-27.618,2.789,-27.692,2.716,-27.655,2.753,,,,,,,,,,,,,,,,,,,,,,,,,,,,,,,,,,,,,,,,,,,,,,,,,,RECONCILED,Two raster readers reconciled to their midpoint,
323|FIG2|PAP,TIMEPOINT=R5,-12.643,2.936,-12.717,2.863,-12.68,2.899,,,,,,,,,,,,,,,,,,,,,,,,,,,,,,,,,,,,,,,,,,,,,,,,,,RECONCILED,Two raster readers reconciled to their midpoint,
323|FIG2|HR,TIMEPOINT=B-1,26.517,3.3,26.635,3.182,26.576,3.241,,,,,,,,,,,,,,,,,,,,,,,,,,,,,,,,,,,,,,,,,,,,,,,,,,RECONCILED,Two raster readers reconciled to their midpoint,
323|FIG2|HR,TIMEPOINT=DI7,59.87,5.421,59.87,5.421,59.87,5.421,,,,,,,,,,,,,,,,,,,,,,,,,,,,,,,,,,,,,,,,,,,,,,,,,,RECONCILED,Two raster readers reconciled to their midpoint,
323|FIG2|HR,TIMEPOINT=DI14,66.117,3.182,66.235,3.064,66.176,3.123,,,,,,,,,,,,,,,,,,,,,,,,,,,,,,,,,,,,,,,,,,,,,,,,,,RECONCILED,Two raster readers reconciled to their midpoint,
323|FIG2|HR,TIMEPOINT=DI19,67.531,4.596,67.649,4.478,67.59,4.537,,,,,,,,,,,,,,,,,,,,,,,,,,,,,,,,,,,,,,,,,,,,,,,,,,RECONCILED,Two raster readers reconciled to their midpoint,
323|FIG2|HR,TIMEPOINT=R1,40.66,4.361,40.778,4.243,40.719,4.302,,,,,,,,,,,,,,,,,,,,,,,,,,,,,,,,,,,,,,,,,,,,,,,,,,RECONCILED,Two raster readers reconciled to their midpoint,
323|FIG2|HR,TIMEPOINT=R5,20.743,2.357,20.86,2.239,20.801,2.298,,,,,,,,,,,,,,,,,,,,,,,,,,,,,,,,,,,,,,,,,,,,,,,,,,RECONCILED,Two raster readers reconciled to their midpoint,
323|FIG2|SV,TIMEPOINT=B-1,-19.412,5.059,-19.412,5.059,-19.412,5.059,,,,,,,,,,,,,,,,,,,,,,,,,,,,,,,,,,,,,,,,,,,,,,,,,,RECONCILED,Two raster readers reconciled to their midpoint,
323|FIG2|SV,TIMEPOINT=DI7,-30.353,3.294,-30.412,3.235,-30.383,3.264,,,,,,,,,,,,,,,,,,,,,,,,,,,,,,,,,,,,,,,,,,,,,,,,,,RECONCILED,Two raster readers reconciled to their midpoint,
323|FIG2|SV,TIMEPOINT=DI14,-27.706,8.412,-27.765,8.353,-27.736,8.383,,,,,,,,,,,,,,,,,,,,,,,,,,,,,,,,,,,,,,,,,,,,,,,,,,RECONCILED,Two raster readers reconciled to their midpoint,
323|FIG2|SV,TIMEPOINT=DI19,-33.588,3.706,-33.647,3.647,-33.617,3.676,,,,,,,,,,,,,,,,,,,,,,,,,,,,,,,,,,,,,,,,,,,,,,,,,,RECONCILED,Two raster readers reconciled to their midpoint,
323|FIG2|SV,TIMEPOINT=R1,-22.941,5.235,-23.0,5.176,-22.971,5.206,,,,,,,,,,,,,,,,,,,,,,,,,,,,,,,,,,,,,,,,,,,,,,,,,,RECONCILED,Two raster readers reconciled to their midpoint,
323|FIG2|SV,TIMEPOINT=R5,-18.059,3.882,-18.118,3.824,-18.088,3.853,,,,,,,,,,,,,,,,,,,,,,,,,,,,,,,,,,,,,,,,,,,,,,,,,,RECONCILED,Two raster readers reconciled to their midpoint,
